City_ID,City,Country,Lat,Lng,Max Temp,Humidity,Cloudiness,Wind Speed,Current Description
0,Caravelas,BR,-17.7125,-39.2481,83.43,60,84,9.75,broken clouds
1,Whitianga,NZ,-36.8333,175.7,62.01,77,24,4.0,few clouds
2,Tema,GH,5.667,-0.0166,89.6,62,0,17.27,clear sky
3,Phan Thiet,VN,10.9333,108.1,77.38,87,97,10.58,overcast clouds
4,Arlit,NE,18.7369,7.3853,93.88,4,0,2.19,clear sky
5,Avarua,CK,-21.2078,-159.775,80.6,83,75,12.66,broken clouds
6,Saldanha,ZA,-33.0117,17.9442,75.2,60,72,17.27,broken clouds
7,Torbay,CA,47.6666,-52.7314,45.0,100,90,16.11,mist
8,Namibe,AO,-15.1961,12.1522,79.7,83,100,13.24,overcast clouds
9,Garden City,US,42.3256,-83.331,61.0,35,20,3.44,few clouds
10,Chokurdakh,RU,70.6333,147.9167,-26.95,100,19,4.97,few clouds
11,Lamu,KE,-2.2717,40.902,84.2,79,1,13.8,clear sky
12,Kongoussi,BF,13.3258,-1.5347,101.55,4,1,3.65,clear sky
13,Butaritari,KI,3.0707,172.7902,81.23,79,37,9.64,light rain
14,Henties Bay,NA,-22.116,14.2845,71.01,78,4,8.99,clear sky
15,Palana,RU,59.1167,159.9667,15.15,84,100,4.76,overcast clouds
16,Tiksi,RU,71.6872,128.8694,-21.19,100,76,4.68,broken clouds
17,Esperance,AU,-33.8667,121.9,62.6,88,7,14.97,clear sky
18,Kodiak,US,57.79,-152.4072,32.0,80,1,3.44,clear sky
19,Doctor Juan Leon Mallorquin,PY,-25.4,-55.2667,86.0,48,0,16.11,clear sky
20,Gillette,US,44.2911,-105.5022,62.01,23,1,4.61,clear sky
21,Rikitea,PF,-23.1203,-134.9692,77.13,69,31,14.76,scattered clouds
22,Hobart,AU,-42.8794,147.3294,57.2,62,75,9.22,broken clouds
23,Vardo,NO,70.3705,31.1107,35.6,87,75,24.16,broken clouds
24,Giulvaz,RO,45.5489,20.9844,46.0,87,75,12.66,broken clouds
25,Ponta Do Sol,PT,32.6667,-17.1,64.4,63,40,3.44,scattered clouds
26,Bredasdorp,ZA,-34.5322,20.0403,75.2,57,86,14.97,overcast clouds
27,Cherskiy,RU,68.75,161.3,-15.36,100,96,2.82,overcast clouds
28,Marzuq,YE,14.4,46.4667,75.54,31,10,9.51,clear sky
29,Bambous Virieux,MU,-20.3428,57.7575,81.0,78,20,8.05,few clouds
30,Cravo Norte,CO,6.3017,-70.2041,96.17,35,94,5.55,overcast clouds
31,Srednekolymsk,RU,67.45,153.6833,-13.63,100,55,6.17,broken clouds
32,Pevek,RU,69.7008,170.3133,-15.93,98,94,7.81,overcast clouds
33,Wahiawa,US,21.5028,-158.0236,72.0,73,75,8.05,light rain
34,Vaini,TO,-21.2,-175.2,75.2,83,75,5.75,broken clouds
35,Byron Bay,AU,-28.65,153.6167,68.0,94,75,6.91,broken clouds
36,Manubul,PH,5.4732,120.7986,82.15,76,81,4.43,broken clouds
37,Te Anau,NZ,-45.4167,167.7167,55.89,68,23,11.92,light rain
38,Jalu,LY,29.0331,21.5482,84.72,7,0,11.39,clear sky
39,Port Elizabeth,ZA,-33.918,25.5701,69.8,64,0,19.57,clear sky
40,Saint George,US,37.1041,-113.5841,55.4,26,1,2.91,clear sky
41,Banda Aceh,ID,5.5577,95.3222,80.53,78,90,7.02,overcast clouds
42,Bengkulu,ID,-3.8004,102.2655,77.43,84,100,8.99,overcast clouds
43,Sao Joao Da Barra,BR,-21.6403,-41.0511,84.2,54,75,11.5,broken clouds
44,Boddam,GB,57.4667,-1.7833,51.8,58,75,21.85,broken clouds
45,Hermanus,ZA,-34.4187,19.2345,70.0,81,86,4.0,overcast clouds
46,Quchan,IR,37.106,58.5095,45.82,57,2,7.72,clear sky
47,Olafsvik,IS,64.8945,-23.7142,20.19,53,100,16.98,overcast clouds
48,Priyutnoye,RU,46.1011,43.5072,51.31,71,94,8.52,overcast clouds
49,Ushuaia,AR,-54.8,-68.3,42.8,75,20,6.91,few clouds
50,Albany,US,42.6001,-73.9662,51.01,24,25,1.01,scattered clouds
51,Port Shepstone,ZA,-30.7414,30.455,70.84,74,0,12.75,clear sky
52,Ahipara,NZ,-35.1667,173.1667,58.33,82,20,4.5,few clouds
53,Jamestown,US,42.097,-79.2353,52.0,49,1,10.36,clear sky
54,Castro,BR,-24.7911,-50.0119,71.91,56,57,6.49,broken clouds
55,Barrow,US,71.2906,-156.7887,-11.2,70,1,12.66,clear sky
56,Cartagena,CO,10.3997,-75.5144,89.6,62,40,2.3,scattered clouds
57,Cape Town,ZA,-33.9258,18.4232,71.6,68,20,13.8,few clouds
58,Flin Flon,CA,54.7682,-101.865,35.6,44,90,6.91,overcast clouds
59,Kudat,MY,6.8837,116.8477,84.2,79,20,6.91,few clouds
60,Cabedelo,BR,-6.9811,-34.8339,86.0,74,75,10.36,broken clouds
61,Bluff,NZ,-46.6,168.3333,57.0,69,70,3.0,broken clouds
62,East London,ZA,-33.0153,27.9116,75.2,50,0,3.44,clear sky
63,Alta Floresta,BR,-9.8756,-56.0861,87.8,66,40,3.44,scattered clouds
64,Kruisfontein,ZA,-34.0033,24.7314,71.01,63,0,8.01,clear sky
65,Busselton,AU,-33.65,115.3333,64.0,88,0,1.01,clear sky
66,Yellowknife,CA,62.456,-114.3525,10.0,66,75,5.75,broken clouds
67,Hithadhoo,MV,-0.6,73.0833,83.75,75,69,17.36,broken clouds
68,Milton,US,34.1322,-84.3007,64.99,32,0,3.0,clear sky
69,Coquimbo,CL,-29.9533,-71.3436,62.6,72,90,2.3,overcast clouds
70,Kudahuvadhoo,MV,2.6708,72.8944,83.98,73,19,14.25,few clouds
71,Mataura,NZ,-46.1927,168.8643,57.0,69,39,3.0,light rain
72,Talnakh,RU,69.4865,88.3972,7.3,75,99,10.85,overcast clouds
73,Saint-Joseph,RE,-21.3667,55.6167,82.4,74,0,1.14,clear sky
74,Rodez,FR,44.5,2.5833,64.0,33,0,8.05,clear sky
75,Provideniya,RU,64.3833,-173.3,-5.64,88,34,8.12,scattered clouds
76,Kapaa,US,22.0752,-159.319,73.4,68,90,19.57,light rain
77,Silva Jardim,BR,-22.6508,-42.3917,82.4,65,40,12.66,scattered clouds
78,Husavik,IS,66.0449,-17.3389,14.0,92,90,28.77,snow
79,Yinchuan,CN,38.4681,106.2731,48.0,54,100,7.0,overcast clouds
80,Gladstone,AU,-23.85,151.25,75.2,78,90,12.66,overcast clouds
81,Lata,PT,40.1629,-8.3327,75.0,43,0,9.17,clear sky
82,Mar Del Plata,AR,-38.0023,-57.5575,75.0,73,40,11.5,scattered clouds
83,Clyde River,CA,70.4692,-68.5914,-13.0,84,1,4.61,clear sky
84,Cap Malheureux,MU,-19.9842,57.6142,81.0,74,3,5.99,clear sky
85,Half Moon Bay,US,37.4636,-122.4286,53.6,66,90,10.36,overcast clouds
86,Lompoc,US,34.6391,-120.4579,51.01,87,44,3.44,scattered clouds
87,Wucheng,CN,29.6008,118.175,51.49,88,59,3.22,broken clouds
88,Muros,ES,42.7762,-9.0603,75.0,61,3,14.0,clear sky
89,Marsa Matruh,EG,31.3525,27.2453,84.2,15,0,8.05,clear sky
90,Primo Tapia,MX,32.22,-116.9172,63.0,82,90,3.44,haze
91,Mount Pleasant,US,32.7941,-79.8626,64.99,32,1,8.05,clear sky
92,Thompson,CA,55.7435,-97.8558,23.0,58,20,4.61,few clouds
93,New Norfolk,AU,-42.7826,147.0587,55.99,66,100,4.0,overcast clouds
94,Ghanzi,BW,-21.5667,21.7833,82.69,32,3,7.81,clear sky
95,Iqaluit,CA,63.7506,-68.5145,10.4,72,20,5.75,few clouds
96,Palmer,US,42.1584,-72.3287,51.01,27,20,4.61,few clouds
97,Sambava,MG,-14.2667,50.1667,80.04,82,8,7.18,clear sky
98,Nikolskoye,RU,59.7035,30.7861,42.8,65,20,13.42,few clouds
99,That Phanom,TH,16.9364,104.7104,78.24,71,95,9.69,overcast clouds
100,Hualmay,PE,-11.0964,-77.6139,75.22,71,43,8.59,scattered clouds
101,San Cristobal,VE,7.7669,-72.225,80.6,94,40,6.91,scattered clouds
102,Vitim,RU,59.4511,112.5578,14.88,95,100,7.16,light snow
103,Sorland,NO,67.667,12.6934,32.0,59,75,13.8,broken clouds
104,Tilichiki,RU,60.4667,166.1,4.75,87,100,15.84,overcast clouds
105,Kattivakkam,IN,13.2167,80.3167,84.2,79,20,6.91,mist
106,Ponta Delgada,PT,37.7333,-25.6667,59.0,88,75,17.27,broken clouds
107,Punta Arenas,CL,-53.15,-70.9167,44.6,57,0,14.97,clear sky
108,Qujing,CN,25.4833,103.7833,61.0,55,100,1.99,overcast clouds
109,Beloha,MG,-25.1667,45.05,71.69,80,35,10.78,moderate rain
110,Carnarvon,AU,-24.8667,113.6333,78.8,73,43,14.97,scattered clouds
111,Ostrovnoy,RU,68.0531,39.5131,32.25,86,100,21.09,overcast clouds
112,Komsomolskiy,UZ,40.4272,71.7189,46.4,87,90,6.91,mist
113,Lewistown,US,40.5992,-77.5714,61.0,36,1,13.8,clear sky
114,Nemuro,JP,43.3236,145.575,32.07,92,100,14.83,snow
115,Empalme,MX,27.9667,-110.8167,80.01,24,1,2.04,clear sky
116,Mahebourg,MU,-20.4081,57.7,80.6,78,20,8.05,few clouds
117,Roblin,CA,51.23,-101.3565,37.36,88,100,14.52,overcast clouds
118,Lasa,IT,46.6166,10.7002,66.2,36,0,9.22,clear sky
119,Bethel,US,41.3712,-73.414,50.0,29,90,5.5,overcast clouds
120,Katsuura,JP,35.1333,140.3,66.2,94,75,9.22,mist
121,Yining,CN,29.0361,114.5636,53.64,93,100,2.71,overcast clouds
122,Bathsheba,BB,13.2167,-59.5167,84.2,54,40,18.41,scattered clouds
123,Merritt Island,US,28.5392,-80.672,71.01,49,1,8.05,clear sky
124,Tevaitoa,PF,-16.7833,-151.5,80.78,78,26,10.11,light rain
125,Hamilton,US,39.1834,-84.5333,64.0,38,1,6.91,clear sky
126,Qaanaaq,GL,77.484,-69.3632,-12.93,67,15,6.8,few clouds
127,Carutapera,BR,-1.195,-46.02,84.07,71,98,9.04,overcast clouds
128,Shenkursk,RU,62.1091,42.896,30.4,90,74,5.75,broken clouds
129,Wagga Wagga,AU,-35.1167,147.3667,53.6,94,0,2.3,clear sky
130,Wad Madani,SD,14.4012,33.5199,96.22,11,38,15.86,scattered clouds
131,Acari,PE,-15.4311,-74.6158,81.3,60,100,9.95,overcast clouds
132,Chaupal,IN,30.95,77.5833,48.24,64,100,6.35,overcast clouds
133,Saint Anthony,US,45.0205,-93.218,66.99,29,1,11.5,clear sky
134,Del Rio,US,29.3627,-100.8968,66.2,68,90,11.5,overcast clouds
135,Upernavik,GL,72.7868,-56.1549,-12.15,74,0,11.56,clear sky
136,Innisfail,AU,-17.5333,146.0333,73.58,95,100,4.41,overcast clouds
137,San Quintin,MX,30.4833,-115.95,63.39,70,3,10.29,clear sky
138,Collie,AU,-33.3667,116.15,62.01,82,0,3.06,clear sky
139,Port Hedland,AU,-20.3167,118.5667,77.0,53,2,6.91,clear sky
140,Arraial Do Cabo,BR,-22.9661,-42.0278,82.4,65,40,14.97,scattered clouds
141,Ilulissat,GL,69.2167,-51.1,15.8,53,20,21.18,few clouds
142,Puerto Ayora,EC,-0.7393,-90.3518,80.6,78,20,9.22,few clouds
143,Tombouctou,ML,20.0,-3.0,101.23,4,1,6.08,clear sky
144,Souillac,MU,-20.5167,57.5167,80.6,78,20,8.05,few clouds
145,Haines Junction,CA,60.7522,-137.5108,10.4,79,100,3.44,overcast clouds
146,Meulaboh,ID,4.1363,96.1285,77.92,86,100,2.3,overcast clouds
147,Fort Payne,US,34.4442,-85.7197,64.0,31,1,3.44,clear sky
148,Khatanga,RU,71.9667,102.5,-16.2,91,11,6.06,few clouds
149,Quatre Cocos,MU,-20.2078,57.7625,81.0,78,20,8.05,few clouds
150,Severo-Kurilsk,RU,50.6789,156.125,28.89,81,84,14.36,broken clouds
151,Bourail,NC,-21.5667,165.4833,72.63,85,83,5.84,broken clouds
152,Nushki,PK,29.5542,66.0215,82.02,21,90,7.78,overcast clouds
153,Ryotsu,JP,38.0833,138.4333,48.76,89,100,13.58,overcast clouds
154,Omsukchan,RU,62.5333,155.8,-16.92,98,98,4.27,overcast clouds
155,Lahij,YE,13.1667,44.5833,80.29,44,5,5.35,clear sky
156,Cururupu,BR,-1.8283,-44.8683,82.8,80,97,7.81,overcast clouds
157,Vila,PT,42.0304,-8.1588,75.0,38,6,7.0,clear sky
158,Ust-Ishim,RU,57.6935,71.1665,34.61,88,100,9.48,overcast clouds
159,Kahului,US,20.8947,-156.47,69.8,94,75,11.5,light rain
160,Saskylakh,RU,71.9167,114.0833,-26.46,100,22,3.15,few clouds
161,Thinadhoo,MV,0.5333,72.9333,83.75,72,49,15.95,scattered clouds
162,Kutum,SD,14.2,24.6667,83.8,11,32,14.5,scattered clouds
163,Tautira,PF,-17.7333,-149.15,78.8,83,75,3.44,light rain
164,Mabaruma,GY,8.2,-59.7833,73.6,98,100,4.09,overcast clouds
165,Narsaq,GL,60.9167,-46.05,39.2,93,90,3.44,overcast clouds
166,Kosonsoy,UZ,41.2561,71.5508,46.4,87,90,6.91,moderate rain
167,Dikson,RU,73.5069,80.5464,6.67,87,100,7.9,overcast clouds
168,Saint-Pierre,RE,-21.3393,55.4781,82.4,74,0,1.14,clear sky
169,Szabadkigyos,HU,46.6167,21.1,48.0,46,96,7.0,overcast clouds
170,Yeniseysk,RU,58.4497,92.1703,33.26,98,100,3.85,overcast clouds
171,Mala Vyska,UA,48.6431,31.6366,45.77,66,57,5.53,broken clouds
172,Saint-Philippe,RE,-21.3585,55.7679,82.4,74,0,1.14,clear sky
173,Yanam,IN,16.7333,82.2167,86.0,74,74,9.22,haze
174,Kaitangata,NZ,-46.2817,169.8464,64.99,42,43,15.99,scattered clouds
175,Nyurba,RU,63.2842,118.3319,-13.58,100,98,2.91,overcast clouds
176,Sechura,PE,-5.5569,-80.8222,79.88,61,63,5.77,broken clouds
177,Belaya Gora,RU,68.5333,146.4167,-6.34,98,100,5.14,overcast clouds
178,Krasnoselkup,RU,65.7,82.4667,33.22,98,100,14.03,overcast clouds
179,Klyuchi,RU,52.2667,79.1667,26.98,90,38,7.99,scattered clouds
180,Teguldet,RU,57.3064,88.1667,33.19,93,100,3.15,overcast clouds
181,Naze,JP,28.3667,129.4833,61.52,77,100,16.62,overcast clouds
182,Umm Lajj,SA,25.0213,37.2685,74.93,61,1,15.08,clear sky
183,Belmonte,BR,-15.8631,-38.8828,86.0,79,40,8.05,scattered clouds
184,Yumen,CN,40.2833,97.2,44.26,42,0,15.26,clear sky
185,Mehamn,NO,71.0357,27.8492,33.8,86,75,17.27,light snow
186,Jatai,BR,-17.8814,-51.7144,88.16,34,65,7.83,broken clouds
187,Jibuti,DJ,11.5,42.5,86.0,58,1,6.91,clear sky
188,Coldstream,GB,55.6511,-2.2529,50.0,69,100,8.99,overcast clouds
189,Georgetown,MY,5.4112,100.3354,86.0,74,20,6.91,few clouds
190,Fort Nelson,CA,58.8053,-122.7002,35.6,35,20,6.91,few clouds
191,Yar-Sale,RU,66.8333,70.8333,30.15,98,100,11.12,light snow
192,Kuryk,KZ,43.2,51.65,52.63,64,3,5.53,clear sky
193,Visnes,NO,59.3556,5.2242,44.6,93,75,32.21,moderate rain
194,Dakar,SN,14.6937,-17.4441,77.0,61,0,13.8,clear sky
195,Boa Vista,BR,2.8197,-60.6733,86.0,62,75,9.22,broken clouds
196,Manono,CD,-7.3,27.4167,77.65,82,78,3.74,light rain
197,Sikasso,ML,10.9167,-7.0,104.47,7,33,3.58,scattered clouds
198,Semey,KZ,50.4111,80.2275,29.26,78,0,8.68,clear sky
199,Kuytun,RU,54.3419,101.5036,28.72,97,100,4.34,overcast clouds
200,Kafanchan,NG,9.5833,8.3,98.87,8,5,3.67,clear sky
201,Ayorou,NE,14.7308,0.9174,101.07,4,6,3.6,clear sky
202,Alofi,NU,-19.0595,-169.9187,71.6,100,97,2.3,overcast clouds
203,Tuktoyaktuk,CA,69.4541,-133.0374,-22.0,76,20,10.36,few clouds
204,Nagato,JP,34.3833,131.2,53.6,82,75,19.57,broken clouds
205,Atuona,PF,-9.8,-139.0333,80.29,79,77,11.07,broken clouds
206,Laguna,US,38.421,-121.4238,54.0,87,1,3.53,clear sky
207,Sayat,TM,38.7839,63.8803,59.0,33,5,11.5,clear sky
208,Yuncheng,CN,35.0231,110.9928,50.86,40,55,6.49,light rain
209,Raudeberg,NO,61.9875,5.1352,37.99,89,100,30.0,light rain
210,Dovolnoye,RU,54.4958,79.6671,22.32,87,90,7.61,overcast clouds
211,Rizhao,CN,35.4275,119.4553,46.35,40,74,5.03,broken clouds
212,Sorong,ID,-0.8833,131.25,81.75,80,46,5.75,scattered clouds
213,Salalah,OM,17.0151,54.0924,82.4,78,0,6.91,clear sky
214,San Patricio,US,28.017,-97.5169,72.0,78,90,8.05,overcast clouds
215,Hilo,US,19.7297,-155.09,68.0,83,75,4.61,broken clouds
216,Wattegama,LK,6.7989,81.4808,78.8,78,0,4.61,clear sky
217,Khorinsk,RU,52.1657,109.7726,29.43,80,34,7.85,scattered clouds
218,Dunedin,NZ,-45.8742,170.5036,55.0,89,31,1.99,scattered clouds
219,Muzhi,RU,65.3667,64.6667,31.35,99,100,5.44,light snow
220,Staraya Russa,RU,57.9944,31.3608,40.14,67,100,10.4,overcast clouds
221,Pervomayskoye,RU,43.919,46.7102,51.71,66,16,11.59,few clouds
222,Severo-Yeniseyskiy,RU,60.3725,93.0408,29.39,97,100,6.91,overcast clouds
223,Paamiut,GL,61.994,-49.6678,37.26,85,100,23.04,overcast clouds
224,Cherdyn,RU,60.403,56.4787,30.06,98,100,4.27,overcast clouds
225,Yulara,AU,-25.2406,130.9889,69.8,35,0,8.05,clear sky
226,Mayo,US,38.8876,-76.5119,64.0,31,1,8.05,clear sky
227,Tabuk,PH,17.4189,121.4443,72.57,86,2,4.0,clear sky
228,Bima,ID,-8.4667,118.7167,76.3,94,100,4.45,overcast clouds
229,Zhanaozen,KZ,43.3,52.8,53.8,49,54,11.95,broken clouds
230,Bilma,NE,18.6853,12.9164,91.04,5,0,5.39,clear sky
231,Port Alfred,ZA,-33.5906,26.891,69.01,75,0,10.89,clear sky
232,Chuy,UY,-33.6971,-53.4616,76.48,61,15,9.64,few clouds
233,Monte Santo,BR,-10.4378,-39.3328,92.35,32,44,7.65,scattered clouds
234,Brae,GB,60.3964,-1.353,41.0,60,40,28.77,scattered clouds
235,Filadelfia,US,39.9523,-75.1638,60.01,37,1,6.44,clear sky
236,Dicabisagan,PH,17.0818,122.4157,77.79,83,48,8.12,scattered clouds
237,Las Vegas,US,36.175,-115.1372,75.0,12,1,4.61,clear sky
238,Jumla,NP,29.2747,82.1838,45.05,23,1,4.5,clear sky
239,Namikupa,TZ,-10.8333,39.6,73.0,97,100,3.38,light rain
240,Victoria,HK,22.2855,114.1577,75.0,88,95,1.01,overcast clouds
241,Dickinson,US,29.4608,-95.0513,68.0,77,90,8.05,overcast clouds
242,Deputatskiy,RU,69.3,139.9,-9.2,99,100,1.3,overcast clouds
243,Mount Gambier,AU,-37.8333,140.7667,57.2,72,13,3.44,few clouds
244,Kaifeng,CN,34.7911,114.3483,50.0,66,0,2.24,clear sky
245,La Rioja,ES,42.25,-2.5,64.4,29,0,10.36,clear sky
246,Maragogi,BR,-9.0122,-35.2225,84.22,66,40,9.08,scattered clouds
247,Oranjemund,NA,-28.55,16.4333,65.82,88,15,17.58,few clouds
248,Madang,PG,-5.2246,145.7966,75.88,89,100,3.65,overcast clouds
249,Culasi,PH,11.4272,122.056,79.93,79,72,11.61,broken clouds
250,Sola,VU,-13.8833,167.55,81.57,79,99,16.71,light rain
251,Daru,PG,-9.0763,143.2092,76.87,91,76,7.4,broken clouds
252,Suez,EG,29.9737,32.5263,71.04,21,0,12.35,clear sky
253,Sitka,US,57.0531,-135.33,35.6,93,90,8.05,light rain
254,Zhaotong,CN,27.3167,103.7167,48.67,82,100,6.67,overcast clouds
255,Kavieng,PG,-2.5744,150.7967,77.09,91,100,8.28,heavy intensity rain
256,Sao Gabriel Da Cachoeira,BR,-0.1303,-67.0892,80.6,89,90,4.61,overcast clouds
257,Iracoubo,GF,5.4802,-53.2011,79.7,85,100,9.91,overcast clouds
258,Cayenne,GF,4.9333,-52.3333,77.0,94,75,4.61,very heavy rain
259,Le Vauclin,MQ,14.5452,-60.8388,86.0,58,20,16.11,few clouds
260,Sergeyevka,KZ,53.88,67.4158,33.19,91,100,7.43,overcast clouds
261,Pangkalanbuun,ID,-2.6833,111.6167,74.53,95,85,2.89,overcast clouds
262,Chubbuck,US,42.9208,-112.4661,52.0,61,1,5.75,clear sky
263,Norman Wells,CA,65.282,-126.8329,3.2,72,40,5.75,scattered clouds
264,Alcaniz,ES,41.05,-0.1333,62.01,70,0,5.01,clear sky
265,Berdigestyakh,RU,62.0989,126.6992,-17.19,100,93,2.59,overcast clouds
266,Kirakira,SB,-10.4544,161.9205,79.5,87,88,5.59,overcast clouds
267,Doha,QA,25.2867,51.5333,75.2,35,0,12.66,clear sky
268,Comrie,GB,56.3791,-3.9949,50.0,75,100,8.99,overcast clouds
269,Taltal,CL,-25.4,-70.4833,69.39,68,51,7.43,broken clouds
270,Marivan,IR,35.5219,46.176,48.58,55,4,3.89,clear sky
271,Codrington,AU,-38.2667,141.9667,57.87,67,84,7.31,broken clouds
272,Ancud,CL,-41.8697,-73.8203,64.99,62,0,3.44,clear sky
273,Yangambi,CD,0.8102,24.4336,83.48,59,88,3.6,overcast clouds
274,Sao Filipe,CV,14.8961,-24.4956,77.29,63,17,1.23,few clouds
275,Imeni Poliny Osipenko,RU,52.4201,136.4853,26.02,61,1,0.43,clear sky
276,Faanui,PF,-16.4833,-151.75,81.1,77,25,8.84,light rain
277,Ribeira Grande,PT,38.5167,-28.7,62.6,88,75,19.57,broken clouds
278,Barcelos,PT,41.5388,-8.6151,77.0,45,0,11.5,clear sky
279,Bonavista,CA,48.6499,-53.1147,41.0,100,100,2.3,overcast clouds
280,Dutse,NG,11.7594,9.3392,98.17,7,1,10.22,clear sky
281,Chandler,US,33.3062,-111.8412,81.0,21,1,8.05,clear sky
282,Pinerovka,RU,51.562,43.0689,41.0,65,100,5.3,light rain
283,Acajutla,SV,13.5928,-89.8275,77.0,47,0,6.91,clear sky
284,Sortland,NO,68.6949,15.4162,33.8,60,75,9.22,broken clouds
285,Gushi,CN,34.6425,109.5843,49.96,66,61,1.99,broken clouds
286,Berlevag,NO,70.8578,29.0864,33.8,93,75,29.93,light rain
287,Miechow,PL,50.3565,20.0279,44.6,49,40,4.61,scattered clouds
288,Manavalakurichi,IN,8.1333,77.3,86.0,66,20,8.05,haze
289,Bratsk,RU,56.1325,101.6142,26.6,80,91,4.47,overcast clouds
290,Isangel,VU,-19.55,169.2667,76.12,79,71,15.82,broken clouds
291,Klaksvik,FO,62.2266,-6.589,24.8,80,75,35.68,light snow
292,Luchegorsk,RU,46.4764,134.2569,33.73,54,0,5.73,clear sky
293,Dalbandin,PK,28.8947,64.4101,86.07,14,80,7.96,broken clouds
294,Kochetok,UA,49.8801,36.7372,42.8,70,75,11.18,moderate rain
295,Newport,GB,51.5877,-2.9984,57.99,64,15,5.01,few clouds
296,Vestmannaeyjar,IS,63.4427,-20.2734,26.53,47,85,29.82,overcast clouds
297,Fortuna,US,40.5982,-124.1573,50.0,93,90,3.44,overcast clouds
298,Abalak,RU,58.1286,68.5944,34.29,95,92,9.98,overcast clouds
299,Port Lincoln,AU,-34.7333,135.8667,63.23,83,0,12.64,clear sky
300,Alvand,IR,36.3187,49.1678,47.77,44,33,2.35,scattered clouds
301,Alihe,CN,50.5667,123.7167,33.71,70,97,0.94,overcast clouds
302,Luderitz,NA,-26.6481,15.1594,77.43,55,1,24.83,clear sky
303,Casper,US,42.8666,-106.3131,60.01,26,1,12.66,clear sky
304,Halifax,CA,44.6453,-63.5724,33.8,86,100,9.22,snow
305,Gizo,SB,-8.103,156.8419,82.27,76,100,2.64,moderate rain
306,Beyneu,KZ,45.3167,55.2,53.98,58,52,17.34,broken clouds
307,Somotillo,NI,13.0433,-86.9064,87.8,55,40,28.77,scattered clouds
308,Mersing,MY,2.4312,103.8405,80.6,89,93,2.89,overcast clouds
309,Kamaishi,JP,39.2667,141.8833,47.97,96,100,13.04,light rain
310,Geraldton,AU,-28.7667,114.6,73.4,83,40,16.11,scattered clouds
311,Samoylovka,RU,51.184,43.7081,40.84,62,100,4.27,overcast clouds
312,Varna,BG,43.2167,27.9167,44.6,93,90,3.44,light rain
313,Mantua,IT,45.1667,10.7833,60.01,33,40,9.22,scattered clouds
314,Ixtapa,MX,20.7,-105.2,73.4,68,1,6.91,clear sky
315,Mae Chan,TH,20.1467,99.8526,71.6,100,20,2.3,mist
316,Muhos,FI,64.808,25.9931,42.8,56,90,16.11,overcast clouds
317,Chiang Khong,TH,20.2613,100.4046,71.6,100,20,2.3,mist
318,Yerbogachen,RU,61.2767,108.0108,-11.29,99,59,4.18,broken clouds
319,Antonovo,BG,43.15,26.1667,44.6,93,90,3.69,overcast clouds
320,Pisco,PE,-13.7,-76.2167,75.0,83,92,4.61,overcast clouds
321,Guantanamo,CU,20.1444,-75.2092,84.2,51,75,19.57,broken clouds
322,Katobu,ID,-4.9408,122.5276,78.33,85,100,5.1,overcast clouds
323,Lebu,CL,-37.6167,-73.65,62.49,59,0,6.93,clear sky
324,Faya,SA,18.3851,42.4509,75.2,33,0,13.8,clear sky
325,Usogorsk,RU,63.4106,48.6872,24.94,92,47,3.18,scattered clouds
326,Nanortalik,GL,60.1432,-45.2371,37.09,79,94,11.39,overcast clouds
327,Sao Mateus,BR,-18.7161,-39.8589,83.66,59,100,8.59,overcast clouds
328,Flinders,AU,-34.5833,150.8552,64.99,84,0,1.01,clear sky
329,Neuquen,AR,-38.9516,-68.0591,75.2,60,0,5.75,clear sky
330,Gorom-Gorom,BF,14.4439,-0.2361,100.44,4,6,3.89,clear sky
331,Colares,PT,38.7992,-9.4469,71.01,60,0,5.75,clear sky
332,Hofn,IS,64.2539,-15.2082,18.07,56,56,24.52,broken clouds
333,Ucluelet,CA,48.9329,-125.5528,39.0,100,20,5.75,few clouds
334,Coxim,BR,-18.5067,-54.76,97.32,22,81,8.84,broken clouds
335,Mgandu,TZ,-5.95,34.1333,65.08,89,64,6.26,broken clouds
336,Tasiilaq,GL,65.6145,-37.6368,28.4,43,75,2.3,broken clouds
337,Kieta,PG,-6.2167,155.6333,78.3,82,94,3.71,light rain
338,Okhotsk,RU,59.3833,143.3,19.2,96,100,2.93,overcast clouds
339,Lagoa,PT,39.05,-27.9833,60.19,79,100,16.6,overcast clouds
340,Northam,GB,51.0333,-4.2167,55.0,77,28,8.01,scattered clouds
341,Emerald,AU,-23.5333,148.1667,73.4,78,75,12.66,broken clouds
342,Delray Beach,US,26.4615,-80.0728,72.0,54,98,3.0,overcast clouds
343,Burnie,AU,-41.0667,145.9167,55.98,70,7,10.11,clear sky
344,Samarai,PG,-10.6167,150.6667,82.15,76,99,1.23,overcast clouds
345,Zapolyarnyy,RU,69.4154,30.8136,35.6,80,75,20.71,broken clouds
346,North Bend,US,43.4065,-124.2243,48.2,93,90,9.22,overcast clouds
347,Tessalit,ML,20.1986,1.0114,96.62,4,0,3.29,clear sky
348,Hit,IQ,33.6416,42.8251,72.19,25,1,7.31,clear sky
349,Garavuti,TJ,37.5672,68.4469,53.6,82,90,11.18,overcast clouds
350,Qeshm,IR,26.9581,56.2719,82.4,54,51,4.61,haze
351,Labuhan,ID,-6.8844,112.2051,77.14,90,100,9.57,overcast clouds
352,Terney,RU,45.0503,136.6092,32.94,63,1,6.33,clear sky
353,Tawang,IN,27.5833,91.8667,39.29,70,72,5.12,broken clouds
354,Inhambane,MZ,-23.865,35.3833,80.6,50,20,6.91,few clouds
355,Grants,US,35.1473,-107.8514,51.8,35,1,4.43,clear sky
356,Somerset East,ZA,-32.7217,25.588,69.67,40,0,11.54,clear sky
357,Russell,US,32.3502,-85.1999,66.0,58,1,2.86,clear sky
358,Richards Bay,ZA,-28.783,32.0377,68.14,70,0,6.35,clear sky
359,Leningradskiy,RU,69.3833,178.4167,-3.12,97,100,6.71,overcast clouds
360,Samana,DO,19.2056,-69.3369,78.8,83,75,6.91,broken clouds
361,Suntar,RU,62.1444,117.6319,-10.26,100,90,4.03,overcast clouds
362,Youghal,IE,51.95,-7.8506,59.0,58,40,16.11,scattered clouds
363,Longyearbyen,SJ,78.2186,15.6401,22.89,71,94,35.08,overcast clouds
364,Kondinskoye,RU,59.6481,67.41,35.13,96,100,7.74,overcast clouds
365,Dunmore East,IE,52.1514,-6.9861,57.99,62,20,13.8,few clouds
366,Pauini,BR,-7.7136,-66.9764,85.77,67,100,3.18,overcast clouds
367,Mazagao,BR,-0.115,-51.2894,89.6,79,75,8.05,broken clouds
368,Gwadar,PK,25.1216,62.3254,80.64,81,2,7.83,clear sky
369,Itaituba,BR,-4.2761,-55.9836,90.57,50,100,4.23,overcast clouds
370,Constitucion,CL,-35.3333,-72.4167,63.14,66,28,7.78,scattered clouds
371,Axim,GH,4.8699,-2.2405,84.6,70,34,9.06,scattered clouds
372,Shadegan,IR,30.6497,48.6647,80.6,18,0,11.5,clear sky
373,Bitung,ID,1.4451,125.1824,77.0,94,20,1.14,few clouds
374,Ampanihy,MG,-24.7,44.75,72.36,76,36,12.41,scattered clouds
375,Belyy Yar,RU,53.6039,91.3903,33.8,55,0,4.47,clear sky
376,Aripuana,BR,-9.1667,-60.6333,75.85,90,100,0.96,moderate rain
377,Melipilla,CL,-33.7,-71.2167,59.0,77,90,5.75,overcast clouds
378,Nova Olimpia,BR,-14.7972,-57.2881,89.29,55,82,3.85,broken clouds
379,Santa Fe,AR,-31.6333,-60.7,84.0,50,60,3.0,broken clouds
380,Port Blair,IN,11.6667,92.75,80.24,75,7,4.0,clear sky
381,Hoshangabad,IN,22.75,77.7167,88.25,8,0,1.83,clear sky
382,Qaqortoq,GL,60.7167,-46.0333,39.2,93,90,3.44,overcast clouds
383,Roald,NO,62.5833,6.1333,35.6,87,75,19.57,light rain
384,Port Macquarie,AU,-31.4333,152.9167,69.8,78,100,4.61,overcast clouds
385,Cairns,AU,-16.9167,145.7667,77.0,83,90,2.3,light rain
386,Cabo San Lucas,MX,22.8909,-109.9124,80.6,24,1,5.75,clear sky
387,Wagar,SD,16.1525,36.2032,92.68,18,42,17.31,scattered clouds
388,Shelburne,CA,44.0787,-80.2041,52.0,43,2,6.44,clear sky
389,Nago,JP,26.5881,127.9761,66.2,72,90,14.97,overcast clouds
390,Nantucket,US,41.2835,-70.0995,46.99,57,0,12.44,clear sky
391,Saquena,PE,-4.6667,-73.5167,73.42,98,100,2.91,overcast clouds
392,Jacmel,HT,18.2342,-72.5347,82.4,65,75,6.91,broken clouds
393,Dong Hoi,VN,17.4833,106.6,74.73,94,16,5.12,few clouds
394,Bintulu,MY,3.1667,113.0333,77.0,94,40,3.44,moderate rain
395,Dargaville,NZ,-35.9333,173.8833,56.88,87,44,4.52,scattered clouds
396,Konstantinovka,RU,49.6167,127.9833,36.93,69,65,3.83,broken clouds
397,Chengde,CN,40.9725,117.9361,48.16,23,4,2.1,clear sky
398,Airai,TL,-8.9266,125.4092,60.28,96,100,4.5,overcast clouds
399,Pangoa,PE,-12.1167,-73.0,81.43,56,96,1.21,overcast clouds
400,Evensk,RU,61.95,159.2333,10.42,52,100,29.51,overcast clouds
401,Camacha,PT,33.0833,-16.3333,66.2,63,20,6.91,few clouds
402,Natal,BR,-5.795,-35.2094,86.0,58,40,14.97,scattered clouds
403,Nouna,BF,12.7333,-3.8667,103.41,4,11,2.75,few clouds
404,Ust-Maya,RU,60.4167,134.5333,-14.69,100,44,1.5,scattered clouds
405,Xiaoweizhai,CN,26.1903,107.5125,48.65,95,100,2.13,overcast clouds
406,Phirangipuram,IN,16.3,80.2667,87.8,70,80,5.75,haze
407,Serafimovich,RU,49.5786,42.736,45.0,55,100,5.01,overcast clouds
408,Thessalon,CA,46.2501,-83.5666,53.6,40,1,3.44,clear sky
409,Zyryanka,RU,65.75,150.85,-8.01,99,100,5.59,overcast clouds
410,Hamadan,IR,34.7992,48.5146,50.94,28,0,5.99,clear sky
411,Itarema,BR,-2.9248,-39.9167,85.03,69,100,14.61,overcast clouds
412,Jurm,AF,36.8648,70.8342,44.29,99,100,5.3,light rain
413,Petropavlovsk-Kamchatskiy,RU,53.0452,158.6483,30.2,80,75,4.47,broken clouds
414,Kamina,CD,-8.7386,24.9906,71.55,84,81,4.56,light rain
415,Sindgi,IN,16.9167,76.2333,94.33,12,12,9.15,few clouds
416,Lavrentiya,RU,65.5833,-171.0,-6.65,83,100,8.95,overcast clouds
417,Dzhebariki-Khaya,RU,62.2167,135.8,-21.95,99,68,1.41,broken clouds
418,Kousseri,CM,12.0769,15.0306,104.0,6,0,10.36,clear sky
419,Adrar,MR,20.5022,-10.0711,97.09,11,56,8.93,broken clouds
420,Tchaourou,BJ,8.8865,2.5975,102.47,17,80,1.12,broken clouds
421,Aldan,RU,58.6031,125.3894,5.63,96,100,3.38,overcast clouds
422,Dingle,PH,10.9995,122.6711,76.17,85,51,7.36,broken clouds
423,Padang,ID,-0.9492,100.3543,75.2,88,20,2.3,few clouds
424,Duluth,US,46.7833,-92.1066,55.4,75,1,3.44,clear sky
425,College,US,64.8569,-147.8028,33.8,86,90,5.75,moderate rain
426,Lufilufi,WS,-13.8745,-171.5986,83.03,71,95,8.32,light rain
427,Kizema,RU,61.113,44.8302,29.95,91,96,3.62,overcast clouds
428,Tocopilla,CL,-22.092,-70.1979,72.5,66,79,8.16,broken clouds
429,Visby,SE,57.6409,18.296,46.0,70,10,26.46,clear sky
430,Magadan,RU,59.5667,150.8,13.86,75,100,8.52,overcast clouds
431,Singaparna,ID,-7.3515,108.111,72.97,98,100,2.17,light rain
432,Aguazul,CO,5.1728,-72.5471,88.9,52,95,5.55,overcast clouds
433,Rio Grande,BR,-32.035,-52.0986,79.0,69,75,19.57,broken clouds
434,San Carlos De Bariloche,AR,-41.1456,-71.3082,72.0,51,0,3.44,clear sky
435,Chinhoyi,ZW,-17.3667,30.2,71.46,50,1,1.45,clear sky
436,Borovskoy,KZ,53.8,64.15,33.37,99,100,6.33,overcast clouds
437,Teshie,GH,5.5836,-0.1072,89.6,62,0,17.27,clear sky
438,Simoes,BR,-7.5989,-40.8178,94.95,23,85,10.54,overcast clouds
439,Rio Gallegos,AR,-51.6226,-69.2181,41.0,81,75,9.22,light rain
440,Warragul,AU,-38.1667,145.9333,53.01,89,44,1.01,scattered clouds
441,Evanston,US,42.0411,-87.6901,64.99,47,20,6.82,few clouds
442,Mayumba,GA,-3.432,10.6554,81.41,79,91,8.66,overcast clouds
443,Thunder Bay,CA,48.4001,-89.3168,46.4,46,75,14.97,broken clouds
444,Guerrero Negro,MX,27.9769,-114.0611,63.73,71,2,12.8,clear sky
445,Sakakah,SA,29.9697,40.2064,75.2,9,0,4.79,clear sky
446,Victor Harbor,AU,-35.5667,138.6167,63.0,79,4,7.9,clear sky
447,Lorengau,PG,-2.0226,147.2712,80.6,81,99,8.21,overcast clouds
448,Usinsk,RU,65.9939,57.5281,17.29,93,32,5.64,scattered clouds
449,Taoudenni,ML,22.6783,-3.9836,101.01,9,4,16.4,clear sky
450,Plettenberg Bay,ZA,-34.0527,23.3716,67.51,80,0,6.22,clear sky
451,Tendo,JP,38.3536,140.3697,57.0,89,100,2.82,light rain
452,Raga,SS,8.4596,25.678,94.24,11,49,4.94,scattered clouds
453,Vinh Yen,VN,21.31,105.5967,71.6,94,75,9.22,broken clouds
454,Jiuquan,CN,39.7432,98.5174,46.45,49,1,10.94,clear sky
455,Itupiranga,BR,-5.1347,-49.3267,89.6,70,40,4.61,scattered clouds
456,Healdsburg,US,38.6105,-122.8692,53.01,76,90,8.05,overcast clouds
457,Abu Dhabi,AE,24.4667,54.3667,77.0,57,0,10.36,clear sky
458,Khatima,IN,28.9167,79.9667,76.24,8,44,4.43,scattered clouds
459,Rundu,NA,-17.9333,19.7667,79.59,41,0,5.53,clear sky
460,Bugko,PH,12.5356,124.7923,79.79,71,84,7.72,broken clouds
461,Cidreira,BR,-30.1811,-50.2056,75.09,68,4,14.56,clear sky
462,Qui Nhon,VN,13.7667,109.2333,77.4,86,25,5.35,scattered clouds
463,Jasper,US,37.2001,-94.3502,64.0,63,1,16.11,clear sky
464,Mount Isa,AU,-20.7333,139.5,73.4,60,16,6.91,few clouds
465,Maumere,ID,-8.6199,122.2111,77.86,87,100,6.17,moderate rain
466,Matara,LK,5.9485,80.5353,78.1,83,69,8.5,broken clouds
467,Conakry,GN,9.538,-13.6773,89.6,58,10,11.5,haze
468,Puerto Escondido,MX,15.85,-97.0667,86.0,84,1,6.91,clear sky
469,Ikwiriri,TZ,-7.9562,38.9716,75.65,95,100,3.87,overcast clouds
470,Kloulklubed,PW,7.0419,134.2556,77.0,88,40,9.8,scattered clouds
471,San Policarpo,PH,12.1791,125.5072,81.82,69,83,11.5,broken clouds
472,Noyabrsk,RU,63.1994,75.4507,32.83,94,100,14.97,overcast clouds
473,Qingdao,CN,36.0986,120.3719,48.99,42,41,2.24,scattered clouds
474,Diapaga,BF,12.0708,1.7889,102.58,5,33,2.08,scattered clouds
475,Cuamba,MZ,-14.8031,36.5372,69.78,95,75,4.29,light rain
476,Omboue,GA,-1.5746,9.2618,81.68,77,75,10.98,light rain
477,Port-Gentil,GA,-0.7193,8.7815,87.8,70,20,12.66,light rain
478,Fort-Shevchenko,KZ,44.5086,50.263,48.6,80,24,9.78,few clouds
479,Tuatapere,NZ,-46.1333,167.6833,57.0,69,42,3.0,scattered clouds
480,Manokwari,ID,-0.8667,134.0833,78.37,84,94,7.05,overcast clouds
481,Moose Factory,CA,51.2585,-80.6094,32.0,74,40,3.44,scattered clouds
482,Hobyo,SO,5.3505,48.5268,83.52,66,76,13.73,broken clouds
483,Chapais,CA,49.7834,-74.8492,33.8,55,90,2.73,overcast clouds
484,Saint-Francois,FR,46.4154,3.9054,60.01,34,0,1.01,clear sky
485,Aswan,EG,24.0934,32.907,80.62,6,0,11.23,clear sky
486,Beisfjord,NO,68.3751,17.5988,32.0,80,75,8.05,broken clouds
487,Menongue,AO,-14.6585,17.691,73.47,60,34,5.06,scattered clouds
488,Katangli,RU,51.7102,143.2326,15.49,86,44,9.66,scattered clouds
489,Nara,JP,34.6851,135.8049,55.99,74,100,6.91,overcast clouds
490,Hasaki,JP,35.7333,140.8333,64.4,94,75,8.05,moderate rain
491,Douglas,US,41.3,-96.167,70.0,52,1,5.75,clear sky
492,Gorontalo,ID,0.5412,123.0595,76.01,93,91,3.53,overcast clouds
493,Am Timan,TD,11.0297,20.2827,101.53,9,51,5.12,broken clouds
494,Bosaso,SO,11.2842,49.1816,80.1,60,50,2.15,scattered clouds
495,Shambu,ET,9.5667,37.1,66.63,37,77,3.18,broken clouds
496,Carballo,ES,43.213,-8.691,66.2,48,0,8.05,clear sky
497,Goundi,TD,9.3627,17.366,103.14,16,59,5.06,broken clouds
498,Westport,US,41.1415,-73.3579,54.0,31,90,3.44,overcast clouds
499,Oktyabrskoye,RU,43.0645,44.7417,59.0,41,12,11.18,few clouds
500,Almaznyy,RU,48.0448,40.045,39.2,93,75,11.18,light rain
501,Fairfield,US,41.2668,-73.3162,52.0,29,90,4.79,overcast clouds
502,Karatuzskoye,RU,53.6072,92.8667,25.84,99,33,3.11,scattered clouds
503,Fort Saint James,CA,54.4333,-124.25,33.71,70,9,5.53,clear sky
504,Veraval,IN,20.9,70.3667,79.45,79,3,7.58,clear sky
505,Rajapur,IN,25.3833,81.15,86.74,5,0,5.61,clear sky
506,Noumea,NC,-22.2763,166.4572,77.0,73,0,3.44,clear sky
507,Anadyr,RU,64.75,177.4833,-13.0,77,20,4.47,few clouds
508,Camopi,GF,3.1655,-52.3158,78.78,93,100,3.76,overcast clouds
509,Agua Dulce,MX,18.1333,-94.1333,75.2,69,20,4.61,few clouds
510,Caconda,AO,-13.7333,15.0667,72.46,62,23,5.7,few clouds
511,Harlingen,US,26.1906,-97.6961,75.0,73,40,14.97,scattered clouds
512,Nouakchott,MR,18.0858,-15.9785,105.8,9,95,16.11,overcast clouds
513,Vassouras,BR,-22.4039,-43.6625,82.4,69,20,9.22,few clouds
514,Rzhyshchiv,UA,49.9689,31.0463,44.6,61,20,11.18,few clouds
515,Mattru,SL,7.6244,-11.8332,88.72,55,91,8.81,overcast clouds
516,Comodoro Rivadavia,AR,-45.8667,-67.5,71.6,56,0,6.17,clear sky
517,Vawkavysk,BY,53.1561,24.4513,46.4,31,75,13.42,broken clouds
518,Wewak,PG,-3.5534,143.6268,78.8,85,100,2.89,overcast clouds
519,Portland,US,45.5234,-122.6762,51.01,66,75,9.22,broken clouds
520,Kochi,IN,9.9399,76.2602,84.2,70,20,3.44,haze
521,Manzhouli,CN,49.6,117.4333,39.65,54,8,19.01,clear sky
522,Farafangana,MG,-22.8167,47.8333,78.66,83,1,12.33,clear sky
523,The Valley,AI,18.217,-63.0578,82.4,65,40,17.27,scattered clouds
524,Salmas,IR,38.1973,44.7653,51.8,40,20,4.61,few clouds
525,Havre-Saint-Pierre,CA,50.2334,-63.5986,35.6,93,90,12.66,overcast clouds
526,Delemont,CH,47.3649,7.3445,59.0,24,0,11.5,clear sky
527,Eureka,US,40.8021,-124.1637,50.0,85,97,1.86,overcast clouds
528,Praia Da Vitoria,PT,38.7333,-27.0667,63.0,77,20,12.3,few clouds
529,Fenyi,CN,27.8112,114.6681,56.35,90,100,2.01,light rain
530,Dogondoutchi,NE,13.6393,4.0287,100.71,6,6,3.6,clear sky
531,Yunyang,CN,33.4474,112.7142,50.56,46,100,0.78,overcast clouds
532,Wukari,NG,7.85,9.7833,102.16,11,100,6.06,overcast clouds
533,Kangaatsiaq,GL,68.3065,-53.4641,18.63,55,100,29.8,light snow
534,Mayor Pablo Lagerenza,PY,-19.9309,-60.7718,92.16,38,99,4.97,overcast clouds
535,Lac Du Bonnet,CA,50.2536,-96.0612,51.01,93,89,5.01,overcast clouds
536,Fort Smith,US,35.3859,-94.3986,66.0,58,1,3.44,smoke
537,Dukat,RU,62.55,155.55,-17.14,99,97,3.89,overcast clouds
538,Santa Vitoria Do Palmar,BR,-33.5189,-53.3681,76.33,62,10,9.08,clear sky
539,Acarau,BR,-2.8856,-40.12,84.74,70,100,14.7,overcast clouds
540,Eyl,SO,7.9803,49.8164,81.77,70,12,12.12,few clouds
541,Lumeje,AO,-11.55,20.7833,73.87,67,99,2.68,overcast clouds
542,Hurghada,EG,27.2574,33.8129,80.6,21,0,10.36,clear sky
543,Kamennomostskiy,RU,44.2983,40.1856,52.34,69,100,5.21,overcast clouds
544,Staryy Nadym,RU,65.6118,72.6842,33.01,98,100,12.3,overcast clouds
545,Race,SI,46.4519,15.6814,48.99,40,40,1.14,scattered clouds
546,Zhigalovo,RU,54.8097,105.1578,22.98,97,62,3.44,broken clouds
547,Puerto Ayacucho,VE,5.6639,-67.6236,91.17,51,68,5.06,moderate rain
548,Butte,US,39.6499,-121.5677,51.01,76,1,3.44,clear sky
549,Waingapu,ID,-9.6567,120.2641,77.83,84,100,10.16,overcast clouds
550,Silver City,US,32.7701,-108.2803,66.2,32,1,6.91,clear sky
551,Pand,HU,47.3533,19.6357,53.01,37,0,5.75,clear sky
552,Tarakan,ID,3.3,117.6333,81.14,81,61,9.46,broken clouds
553,Nome,US,64.5011,-165.4064,1.4,71,20,23.02,snow
554,Yurimaguas,PE,-5.9,-76.0833,73.4,100,75,3.2,broken clouds
555,Shetpe,KZ,44.1667,52.1167,52.39,56,51,9.75,broken clouds
556,Pankrushikha,RU,53.8319,80.3406,26.82,89,26,8.57,scattered clouds
557,Mackay,AU,-21.15,149.2,73.99,94,90,6.91,light rain
558,Mineiros,BR,-17.5694,-52.5511,84.85,41,79,8.72,broken clouds
559,Namatanai,PG,-3.6667,152.4333,77.86,85,97,6.8,moderate rain
560,Abu Kamal,SY,34.4506,40.9171,70.61,29,0,7.23,clear sky
561,Khani,GE,41.9563,42.9566,68.0,34,0,5.75,clear sky
562,Walla Walla,US,46.0646,-118.343,57.0,54,1,5.75,clear sky
563,Dinghai,CN,26.2847,119.7936,60.8,77,90,13.42,overcast clouds
564,Sal Rei,CV,16.1833,-22.9167,82.4,51,0,11.5,clear sky
565,Willmar,US,45.1219,-95.0433,62.6,29,1,12.66,clear sky
566,Letlhakane,BW,-21.4167,25.5833,82.4,34,22,7.52,few clouds
567,Vostochnyy,RU,55.8167,37.8667,41.0,48,0,11.18,light rain
568,Gat,IL,31.61,34.7642,64.0,55,0,1.01,clear sky
569,Stornoway,GB,58.2093,-6.3865,46.4,57,40,33.38,scattered clouds
570,Chumikan,RU,54.7183,135.315,5.07,92,39,5.1,scattered clouds
571,Murakami,JP,38.2333,139.4833,50.41,94,100,8.68,overcast clouds
572,Port Hardy,CA,50.6996,-127.4199,41.0,93,40,8.05,scattered clouds
573,Forestville,US,38.8451,-76.875,66.0,23,1,12.66,clear sky
574,Pavino,RU,59.1139,46.1414,25.95,93,52,2.93,broken clouds
575,Moron,AR,-34.6534,-58.6198,80.01,55,4,1.99,clear sky
576,Hambantota,LK,6.1241,81.1185,78.8,78,0,4.61,clear sky
577,Ogbomosho,NG,8.133,4.25,100.85,20,45,1.9,scattered clouds
578,Prince Rupert,CA,54.3161,-130.3201,37.4,93,90,5.75,light rain
579,Vihti,FI,60.417,24.3197,43.0,56,59,14.0,broken clouds
580,Olinda,BR,-8.0089,-34.8553,82.4,65,40,8.05,scattered clouds
581,Daloa,CI,6.8774,-6.4502,88.5,49,71,4.81,broken clouds
582,Chara,RU,56.9064,118.2631,16.36,90,89,1.1,light snow
583,Khandyga,RU,62.6667,135.6,-26.54,100,32,1.34,scattered clouds
584,Clinton,US,42.587,-82.9199,57.99,43,1,5.75,clear sky
585,Prainha,BR,-1.8,-53.48,86.72,59,89,4.79,overcast clouds
586,Elat,IL,29.5581,34.9482,82.4,15,0,16.11,clear sky
587,Ajmer,IN,26.45,74.6333,83.84,12,0,6.2,clear sky
588,Salinopolis,BR,-0.6136,-47.3561,83.61,72,43,11.63,moderate rain
589,Maryborough,AU,-25.5333,152.7,73.0,97,100,5.99,light rain
590,Abha,SA,18.2164,42.5053,75.2,33,0,13.8,clear sky
591,El Vigia,VE,8.6219,-71.6506,80.8,84,100,5.17,overcast clouds
592,Itoman,JP,26.1247,127.6694,66.2,72,75,21.85,broken clouds
593,Zhurivka,UA,50.5028,31.7849,44.6,61,20,11.18,few clouds
594,Grand Gaube,MU,-20.0064,57.6608,81.0,74,3,5.99,clear sky
595,Kisanga,TZ,-7.4362,37.7034,74.79,93,92,2.17,moderate rain
596,Sur,OM,22.5667,59.5289,86.4,44,0,7.63,clear sky
597,Mogocha,RU,53.7333,119.7667,26.6,84,100,2.13,overcast clouds
598,Goderich,CA,43.7501,-81.7165,41.0,81,12,5.75,few clouds
599,Copiapo,CL,-27.3667,-70.3333,68.0,56,40,4.61,scattered clouds
600,Winnemucca,US,40.973,-117.7357,42.8,42,1,3.44,clear sky
601,Ballina,AU,-28.8667,153.5667,68.0,94,75,6.91,broken clouds
602,Erzin,TR,36.9559,36.2,62.01,76,14,8.99,few clouds
603,Lovozero,RU,68.005,35.0117,30.78,93,100,4.92,overcast clouds
604,Saint-Paul,RE,-21.0096,55.2707,82.4,78,0,11.5,clear sky
605,Wasilla,US,61.5814,-149.4394,37.4,93,90,9.22,light rain
606,Ostrov,RU,57.3439,28.3537,41.0,70,75,13.42,broken clouds
607,Santiago Del Estero,AR,-27.7951,-64.2615,79.41,47,100,7.9,overcast clouds
608,Cochabamba,BO,-17.3895,-66.1568,68.0,60,75,10.36,broken clouds
609,Nexo,DK,55.0607,15.1306,41.0,93,90,23.02,overcast clouds
610,Saucillo,MX,28.0167,-105.2833,69.71,41,0,3.36,clear sky
611,Lexington,US,37.9887,-84.4777,62.01,41,1,10.36,clear sky
612,Acapulco,MX,16.8634,-99.8901,82.4,65,1,4.72,haze
613,Broome,US,42.2506,-75.833,53.01,46,1,10.36,clear sky
614,Pecos,US,31.4229,-103.4932,60.8,72,90,12.66,overcast clouds
615,Tabou,CI,4.423,-7.3528,83.34,72,63,6.64,light rain
616,Ler,SS,8.3018,30.1418,97.09,14,76,5.06,broken clouds
617,Manggar,ID,-2.8833,108.2667,80.83,79,90,4.61,overcast clouds
618,Chippewa Falls,US,44.9369,-91.3929,64.0,25,1,11.5,clear sky
619,Mana,GF,5.6592,-53.7767,81.59,79,97,10.76,overcast clouds
620,Pingliang,CN,35.5392,106.6861,41.0,96,100,5.03,overcast clouds
621,Porosozero,RU,62.7191,32.727,34.41,97,100,10.74,overcast clouds
622,Strathmore,CA,51.0501,-113.3852,44.01,56,96,12.66,overcast clouds
623,Zemetchino,RU,53.4973,42.6163,37.56,77,45,5.5,scattered clouds
624,Arrecife,ES,28.963,-13.5477,73.4,43,20,16.11,few clouds
625,Smirnykh,RU,49.75,142.8333,21.33,88,12,3.78,few clouds
626,Uglich,RU,57.5275,38.3317,32.9,85,100,3.38,overcast clouds
627,Ulladulla,AU,-35.35,150.4667,63.0,100,14,5.75,few clouds
628,Kiunga,PG,-6.1219,141.2906,73.51,87,92,0.96,overcast clouds
629,Belle Fourche,US,44.6714,-103.8522,71.6,13,1,11.5,clear sky
630,Basse,DE,52.5518,9.5069,45.0,65,100,11.5,overcast clouds
631,Lahad Datu,MY,5.0268,118.327,76.01,94,99,2.55,overcast clouds
632,Minot,US,48.2325,-101.2963,48.0,36,1,10.36,clear sky
633,Payakumbuh,ID,-0.2202,100.6308,69.55,93,99,3.65,overcast clouds
634,Maun,BW,-19.9833,23.4167,89.6,35,40,6.91,scattered clouds
635,Ojinaga,MX,29.5667,-104.4167,64.4,63,90,8.05,overcast clouds
636,Doka,SD,13.5167,35.7667,95.65,13,64,16.02,broken clouds
637,Cuiluan,CN,47.72,128.648,39.87,36,94,9.04,overcast clouds
638,Saint-Georges,GD,12.0564,-61.7485,84.2,65,20,18.41,few clouds
639,Yamada,JP,39.4667,141.95,44.28,94,100,14.03,light rain
640,Inirida,CO,3.8653,-67.9239,81.77,85,100,2.39,overcast clouds
641,Zhezkazgan,KZ,47.8043,67.7144,37.38,95,100,7.63,overcast clouds
642,Muroto,JP,33.2833,134.15,63.46,88,87,10.45,overcast clouds
643,Estelle,US,29.8458,-90.1067,68.0,63,40,10.36,scattered clouds
644,Sept-Iles,CA,50.2001,-66.3821,37.99,47,75,10.36,broken clouds
645,Zeya,RU,53.75,127.2667,12.15,97,72,3.83,broken clouds
646,Takoradi,GH,4.8845,-1.7554,84.43,71,30,10.2,scattered clouds
647,Sao Miguel Do Araguaia,BR,-13.275,-50.1628,89.33,52,81,3.42,broken clouds
648,Atar,MR,20.5169,-13.0499,98.6,20,93,9.22,overcast clouds
649,Nuuk,GL,64.1835,-51.7216,33.73,96,100,43.13,snow
650,Khasan,RU,42.4308,130.6434,39.34,58,0,5.08,clear sky
651,Sibenik,HR,43.7272,15.9058,57.2,26,0,11.5,clear sky
652,San Jose,US,37.3394,-121.895,55.0,62,75,5.75,broken clouds
653,Bereda,ES,43.2686,-7.5406,62.01,64,7,17.0,clear sky
654,Agde,FR,43.3108,3.4758,64.4,34,0,11.5,clear sky
655,Vao,NC,-22.6667,167.4833,76.1,61,85,21.68,overcast clouds
656,Quelimane,MZ,-17.8786,36.8883,84.2,65,20,9.22,few clouds
657,Gore,NZ,-46.1028,168.9436,57.0,69,45,3.0,scattered clouds
658,Aklavik,CA,68.2191,-135.0107,-16.6,76,40,4.61,scattered clouds
659,Soyo,AO,-6.1349,12.3689,87.8,70,20,8.05,few clouds
660,Luxor,EG,25.6989,32.6421,87.8,14,0,9.22,clear sky
661,La Joya,MX,18.6667,-99.4667,79.0,30,1,4.27,clear sky
662,High Level,CA,58.5169,-117.136,24.8,80,75,2.3,broken clouds
663,Sakaraha,MG,-22.9,44.5333,70.03,81,30,10.2,light rain
664,Buta,CD,2.7858,24.73,87.85,44,74,2.93,broken clouds
665,Killybegs,IE,54.6333,-8.45,48.99,81,75,18.41,broken clouds
666,Dungarpur,IN,23.8333,73.7167,89.15,12,0,7.47,clear sky
667,Asau,RO,46.4333,26.4,43.0,47,100,6.4,overcast clouds
668,Seydi,TM,39.4816,62.9137,55.53,39,26,15.3,scattered clouds
669,Nabire,ID,-3.3667,135.4833,75.25,94,97,3.38,overcast clouds
670,Mullingar,IE,53.5333,-7.35,55.0,68,34,5.99,scattered clouds
671,Kozachi Laheri,UA,46.7037,32.9776,44.6,81,75,2.24,broken clouds
672,Villamontes,BO,-21.25,-63.5,80.56,64,100,2.62,light rain
673,Scalea,IT,39.813,15.7956,59.0,53,38,5.99,scattered clouds
674,Diaz,PH,15.8463,120.8347,75.02,72,0,3.76,clear sky
675,Korem,ET,12.5058,39.5228,61.77,53,13,8.32,few clouds
676,Touros,BR,-5.1989,-35.4608,86.0,66,40,14.97,scattered clouds
677,Mnogovershinnyy,RU,53.9353,139.9242,3.63,83,6,3.6,clear sky
678,Mossendjo,CG,-2.9506,12.7261,82.0,69,87,3.89,overcast clouds
679,Benghazi,LY,32.1167,20.0667,77.43,30,4,18.41,clear sky
680,Goure,NE,13.9835,10.2704,93.99,6,0,7.0,clear sky
681,Bulgan,MN,48.8125,103.5347,38.07,31,4,1.72,clear sky
682,Butterworth,MY,5.3991,100.3638,86.0,74,20,6.91,few clouds
683,Avera,US,33.194,-82.5271,66.99,34,1,8.05,clear sky
684,Kapit,MY,2.0167,112.9333,74.59,96,92,1.28,light rain
685,Ilo,PE,-17.6394,-71.3375,73.26,72,99,9.78,overcast clouds
